{"cameraMode":{"drawMode":0,"name":"Shaded","section":"Shading Mode"},"sceneLighting":false,"audioPlay":false,"sceneViewState":{"m_AlwaysRefresh":true,"showFog":true,"showSkybox":false,"showFlares":true,"showImageEffects":true,"showParticleSystems":true,"showVisualEffectGraphs":true,"m_FxEnabled":true},"in2DMode":false,"pivot":{"x":-0.23029136657714845,"y":0.9992942810058594,"z":1.0535287857055665},"rotation":{"x":0.011602580547332764,"y":-0.9881523251533508,"z":0.11946284770965576,"w":0.09607681632041931},"size":39.13715362548828,"orthographic":false}