{"cameraMode":{"drawMode":0,"name":"Shaded","section":"Shading Mode"},"sceneLighting":false,"audioPlay":false,"sceneViewState":{"m_AlwaysRefresh":false,"showFog":true,"showSkybox":false,"showFlares":true,"showImageEffects":true,"showParticleSystems":true,"showVisualEffectGraphs":true,"m_FxEnabled":true},"in2DMode":false,"pivot":{"x":2.8658690452575685,"y":15.263197898864746,"z":-142.23965454101563},"rotation":{"x":0.0011703287018463016,"y":0.9987915754318237,"z":0.03116205520927906,"w":-0.03717171400785446},"size":104.00020599365235,"orthographic":false}