{"cameraMode":{"drawMode":0,"name":"Shaded","section":"Shading Mode"},"sceneLighting":false,"audioPlay":false,"sceneViewState":{"m_AlwaysRefresh":true,"showFog":true,"showSkybox":false,"showFlares":true,"showImageEffects":true,"showParticleSystems":true,"showVisualEffectGraphs":true,"m_FxEnabled":false},"in2DMode":false,"pivot":{"x":-1.7349960803985596,"y":-0.06999501585960388,"z":1.189995527267456},"rotation":{"x":0.021676750853657724,"y":-0.939298689365387,"z":-0.060367900878190997,"w":-0.3369109034538269},"size":2.1199116706848146,"orthographic":false}