{"cameraMode":{"drawMode":0,"name":"Shaded","section":"Shading Mode"},"sceneLighting":false,"audioPlay":false,"sceneViewState":{"m_AlwaysRefresh":false,"showFog":true,"showSkybox":false,"showFlares":true,"showImageEffects":true,"showParticleSystems":true,"showVisualEffectGraphs":true,"m_FxEnabled":true},"in2DMode":false,"pivot":{"x":6.784426689147949,"y":1.5066927671432496,"z":-58.089027404785159},"rotation":{"x":-0.00012748551671393216,"y":0.9957343935966492,"z":0.0011829223949462176,"w":0.09198417514562607},"size":4.469881534576416,"orthographic":false}