{"cameraMode":{"drawMode":0,"name":"Shaded","section":"Shading Mode"},"sceneLighting":false,"audioPlay":false,"sceneViewState":{"m_AlwaysRefresh":false,"showFog":true,"showSkybox":false,"showFlares":true,"showImageEffects":true,"showParticleSystems":true,"showVisualEffectGraphs":true,"m_FxEnabled":true},"in2DMode":false,"pivot":{"x":-0.46058225631713869,"y":1.9985883235931397,"z":2.107057571411133},"rotation":{"x":-0.00010125293920282274,"y":0.9954850673675537,"z":-0.09466612339019776,"w":-0.0008775938185863197},"size":12.990381240844727,"orthographic":false}