{"cameraMode":{"drawMode":0,"name":"Shaded","section":"Shading Mode"},"sceneLighting":false,"audioPlay":false,"sceneViewState":{"m_AlwaysRefresh":false,"showFog":true,"showSkybox":false,"showFlares":true,"showImageEffects":true,"showParticleSystems":true,"showVisualEffectGraphs":true,"m_FxEnabled":true},"in2DMode":false,"pivot":{"x":1.6794711351394654,"y":0.3377296030521393,"z":-0.16085951030254365},"rotation":{"x":0.00976292509585619,"y":0.770000159740448,"z":-0.011792072094976902,"w":0.6378450393676758},"size":2.829627513885498,"orthographic":false}