{"cameraMode":{"drawMode":0,"name":"Shaded","section":"Shading Mode"},"sceneLighting":false,"audioPlay":false,"sceneViewState":{"m_AlwaysRefresh":false,"showFog":true,"showSkybox":false,"showFlares":true,"showImageEffects":true,"showParticleSystems":true,"showVisualEffectGraphs":true,"m_FxEnabled":true},"in2DMode":false,"pivot":{"x":-1.2168151140213013,"y":2.0197746753692629,"z":9.999761581420899},"rotation":{"x":-0.02829122357070446,"y":0.35856544971466067,"z":-0.010861819609999657,"w":-0.9329931735992432},"size":13.943878173828125,"orthographic":false}