{"cameraMode":{"drawMode":0,"name":"Shaded","section":"Shading Mode"},"sceneLighting":false,"audioPlay":false,"sceneViewState":{"m_AlwaysRefresh":true,"showFog":true,"showSkybox":false,"showFlares":true,"showImageEffects":true,"showParticleSystems":true,"showVisualEffectGraphs":true,"m_FxEnabled":false},"in2DMode":false,"pivot":{"x":-3.4842987060546877,"y":0.18584799766540528,"z":-5.0052103996276859},"rotation":{"x":0.021676750853657724,"y":-0.939298689365387,"z":-0.060367900878190997,"w":-0.3369109034538269},"size":5.200009822845459,"orthographic":false}