{"cameraMode":{"drawMode":0,"name":"Shaded","section":"Shading Mode"},"sceneLighting":true,"audioPlay":false,"sceneViewState":{"m_AlwaysRefresh":false,"showFog":true,"showSkybox":true,"showFlares":true,"showImageEffects":true,"showParticleSystems":true,"showVisualEffectGraphs":true,"m_FxEnabled":true},"in2DMode":false,"pivot":{"x":-0.29113900661468508,"y":-0.5864226818084717,"z":0.6207408308982849},"rotation":{"x":0.23387418687343598,"y":-0.6779994964599609,"z":0.24274370074272157,"w":0.6532272100448608},"size":6.851082801818848,"orthographic":false}