{"cameraMode":{"drawMode":0,"name":"Shaded","section":"Shading Mode"},"sceneLighting":false,"audioPlay":false,"sceneViewState":{"m_AlwaysRefresh":false,"showFog":true,"showSkybox":false,"showFlares":true,"showImageEffects":true,"showParticleSystems":true,"showVisualEffectGraphs":true,"m_FxEnabled":true},"in2DMode":false,"pivot":{"x":-0.46058225631713869,"y":1.9985883235931397,"z":2.107057571411133},"rotation":{"x":-0.0709964856505394,"y":0.9287011027336121,"z":-0.26937586069107058,"w":-0.24476778507232667},"size":12.990381240844727,"orthographic":false}