{"cameraMode":{"drawMode":0,"name":"Shaded","section":"Shading Mode"},"sceneLighting":false,"audioPlay":false,"sceneViewState":{"m_AlwaysRefresh":true,"showFog":true,"showSkybox":false,"showFlares":true,"showImageEffects":true,"showParticleSystems":true,"showVisualEffectGraphs":true,"m_FxEnabled":false},"in2DMode":false,"pivot":{"x":18.334718704223634,"y":1.6203906536102296,"z":11.054811477661133},"rotation":{"x":-0.04927128180861473,"y":-0.5088990330696106,"z":0.029206404462456704,"w":-0.8588663935661316},"size":1.7320507764816285,"orthographic":false}