{"cameraMode":{"drawMode":0,"name":"Shaded","section":"Shading Mode"},"sceneLighting":false,"audioPlay":false,"sceneViewState":{"m_AlwaysRefresh":true,"showFog":true,"showSkybox":false,"showFlares":true,"showImageEffects":true,"showParticleSystems":true,"showVisualEffectGraphs":true,"m_FxEnabled":true},"in2DMode":false,"pivot":{"x":-2.9448750019073488,"y":4.725398540496826,"z":-0.5710433125495911},"rotation":{"x":0.060202959924936298,"y":0.04820546135306358,"z":-0.002913137897849083,"w":0.9970166683197022},"size":2.0138134956359865,"orthographic":false}