{"cameraMode":{"drawMode":0,"name":"Shaded","section":"Shading Mode"},"sceneLighting":false,"audioPlay":false,"sceneViewState":{"m_AlwaysRefresh":true,"showFog":true,"showSkybox":false,"showFlares":true,"showImageEffects":true,"showParticleSystems":true,"showVisualEffectGraphs":true,"m_FxEnabled":true},"in2DMode":false,"pivot":{"x":-2.5887794494628908,"y":2.0357487201690676,"z":9.602398872375489},"rotation":{"x":0.057278335094451907,"y":0.003306546015664935,"z":-0.00019237874948885292,"w":0.9983527660369873},"size":8.66025447845459,"orthographic":false}