{"cameraMode":{"drawMode":0,"name":"Shaded","section":"Shading Mode"},"sceneLighting":true,"audioPlay":false,"sceneViewState":{"m_AlwaysRefresh":false,"showFog":true,"showSkybox":true,"showFlares":true,"showImageEffects":true,"showParticleSystems":true,"showVisualEffectGraphs":true,"m_FxEnabled":true},"in2DMode":false,"pivot":{"x":4.6582207679748539,"y":-1.5291931629180909,"z":-3.8454339504241945},"rotation":{"x":-0.062296126037836078,"y":-0.8835633397102356,"z":0.1229948028922081,"w":-0.4475894272327423},"size":4.609259605407715,"orthographic":false}