{"cameraMode":{"drawMode":0,"name":"Shaded","section":"Shading Mode"},"sceneLighting":false,"audioPlay":false,"sceneViewState":{"m_AlwaysRefresh":true,"showFog":true,"showSkybox":true,"showFlares":true,"showImageEffects":true,"showParticleSystems":true,"showVisualEffectGraphs":true,"m_FxEnabled":false},"in2DMode":false,"pivot":{"x":548.147705078125,"y":264.9067077636719,"z":13.819559097290039},"rotation":{"x":-0.021300148218870164,"y":-0.021891139447689058,"z":0.0005184915498830378,"w":-0.9994617104530335},"size":260.2963562011719,"orthographic":false}