{"cameraMode":{"drawMode":0,"name":"Shaded","section":"Shading Mode"},"sceneLighting":true,"audioPlay":false,"sceneViewState":{"m_AlwaysRefresh":true,"showFog":true,"showSkybox":true,"showFlares":true,"showImageEffects":true,"showParticleSystems":true,"showVisualEffectGraphs":true,"m_FxEnabled":true},"in2DMode":false,"pivot":{"x":0.5777517557144165,"y":0.5259382128715515,"z":19.324939727783204},"rotation":{"x":-0.03629886731505394,"y":-0.014393198303878308,"z":0.0005200484883971512,"w":-0.9992084503173828},"size":9.87222957611084,"orthographic":false}