{"cameraMode":{"drawMode":0,"name":"Shaded","section":"Shading Mode"},"sceneLighting":true,"audioPlay":false,"sceneViewState":{"m_AlwaysRefresh":true,"showFog":true,"showSkybox":true,"showFlares":true,"showImageEffects":true,"showParticleSystems":true,"showVisualEffectGraphs":true,"m_FxEnabled":false},"in2DMode":false,"pivot":{"x":-3.4894473552703859,"y":4.292853832244873,"z":3.2618820667266847},"rotation":{"x":-0.001114329556003213,"y":0.9971832633018494,"z":0.07311180979013443,"w":0.013435146771371365},"size":2.656749963760376,"orthographic":false}