{"cameraMode":{"drawMode":0,"name":"Shaded","section":"Shading Mode"},"sceneLighting":true,"audioPlay":false,"sceneViewState":{"m_AlwaysRefresh":false,"showFog":true,"showSkybox":true,"showFlares":true,"showImageEffects":true,"showParticleSystems":true,"showVisualEffectGraphs":true,"m_FxEnabled":true},"in2DMode":false,"pivot":{"x":1782.3294677734375,"y":-44.0572509765625,"z":-1160.1263427734375},"rotation":{"x":-0.0014023182447999716,"y":-0.9897796511650086,"z":0.14231905341148377,"w":-0.009792985394597054},"size":4608.0810546875,"orthographic":false}