{"cameraMode":{"drawMode":0,"name":"Shaded","section":"Shading Mode"},"sceneLighting":true,"audioPlay":false,"sceneViewState":{"m_AlwaysRefresh":false,"showFog":true,"showSkybox":true,"showFlares":true,"showImageEffects":true,"showParticleSystems":true,"showVisualEffectGraphs":true,"m_FxEnabled":true},"in2DMode":false,"pivot":{"x":0.27998340129852297,"y":2.049370527267456,"z":-1.512472152709961},"rotation":{"x":-0.03929968550801277,"y":0.006277165375649929,"z":-0.00024118809960782528,"w":-0.9992213845252991},"size":3.4201412200927736,"orthographic":false}