{"cameraMode":{"drawMode":0,"name":"Shaded","section":"Shading Mode"},"sceneLighting":true,"audioPlay":false,"sceneViewState":{"m_AlwaysRefresh":true,"showFog":true,"showSkybox":true,"showFlares":true,"showImageEffects":true,"showParticleSystems":true,"showVisualEffectGraphs":true,"m_FxEnabled":true},"in2DMode":false,"pivot":{"x":-3.8391900062561037,"y":3.708258628845215,"z":3.8804774284362795},"rotation":{"x":0.06821033358573914,"y":-0.5160782337188721,"z":0.04127414897084236,"w":0.8528286814689636},"size":0.8660253882408142,"orthographic":false}