{"cameraMode":{"drawMode":0,"name":"Shaded","section":"Shading Mode"},"sceneLighting":false,"audioPlay":false,"sceneViewState":{"m_AlwaysRefresh":true,"showFog":true,"showSkybox":false,"showFlares":true,"showImageEffects":true,"showParticleSystems":true,"showVisualEffectGraphs":true,"m_FxEnabled":true},"in2DMode":false,"pivot":{"x":0.8296250104904175,"y":0.2898900508880615,"z":0.22131085395812989},"rotation":{"x":0.19093625247478486,"y":-0.04385111480951309,"z":0.00853712297976017,"w":0.9805848002433777},"size":2.2201414108276369,"orthographic":false}