{"cameraMode":{"drawMode":0,"name":"Shaded","section":"Shading Mode"},"sceneLighting":false,"audioPlay":false,"sceneViewState":{"m_AlwaysRefresh":true,"showFog":true,"showSkybox":false,"showFlares":true,"showImageEffects":true,"showParticleSystems":true,"showVisualEffectGraphs":true,"m_FxEnabled":false},"in2DMode":false,"pivot":{"x":11.33384895324707,"y":0.07800006866455078,"z":-1.9939889907836915},"rotation":{"x":0.021676750853657724,"y":-0.939298689365387,"z":-0.060367900878190997,"w":-0.3369109034538269},"size":7.778968811035156,"orthographic":false}