{"cameraMode":{"drawMode":0,"name":"Shaded","section":"Shading Mode"},"sceneLighting":false,"audioPlay":false,"sceneViewState":{"m_AlwaysRefresh":false,"showFog":true,"showSkybox":false,"showFlares":true,"showImageEffects":true,"showParticleSystems":true,"showVisualEffectGraphs":true,"m_FxEnabled":true},"in2DMode":false,"pivot":{"x":-4.085415363311768,"y":0.9436153173446655,"z":12.353425025939942},"rotation":{"x":-0.02829122357070446,"y":0.35856544971466067,"z":-0.010861819609999657,"w":-0.9329931735992432},"size":4.120100498199463,"orthographic":false}